SL;min(date1)
kmpss;2023-06-01
spsloyc;2023-06-01
srv;2023-06-01
sf1;2023-06-01
li;2023-06-01
mbp;2023-06-01
invcc;2023-06-01
pack;2023-06-01
allprime;2023-06-01
helpri;2023-06-01
sbolsv;2023-06-01
mb3;2023-06-01
state;2023-06-01
o_erkc;2023-06-01
ppkiu;2023-06-01
vkdlsite;2023-06-01
geps;2023-06-01
ssc;2023-06-01
issue;2023-06-01
sdeposit;2023-06-01
rf;2023-06-01
pjkh;2023-06-01
briis;2023-06-01
25461;2023-06-01
pmvab;2023-06-01
sbcard;2023-06-01
o_va;2023-06-01
sm_ds;2023-06-01
sn;2023-06-01
lcpd;2023-06-01
cl;2023-06-01
prq1;2023-06-01
pmcct;2023-06-01
issuerf;2023-06-01
ilusl;2023-06-01
cg;2023-06-01
s_pb;2023-06-01
subs;2023-06-01
ihomes;2023-06-01
invslc;2023-06-01
vanot;2023-06-01
sberchat;2023-06-01
df;2023-06-01
d2;2023-06-01
sh1;2023-06-01
spt;2023-06-01
dcodr;2023-06-01
ppkiukr;2023-06-01
tarinf;2023-06-01
init_snz;2023-06-01
b;2023-06-01
d2sp;2023-06-01
esia;2023-06-01
shpa;2023-06-01
gu;2023-06-01
dip;2023-06-01
sd1;2023-06-01
pmccd;2023-06-01
dpst;2023-06-01
sk;2023-06-01
push2;2023-06-01
cccpaod;2023-06-01
m2m;2023-06-01
pt;2023-06-01
dt310;2023-06-01
lcpa;2023-06-01
pay_s;2023-06-01
salutkot;2023-06-01
escrow;2023-06-01
sprmplus;2023-06-01
start;2023-06-01
snd60;2023-06-01
lv3;2023-06-01
ifins;2023-06-01
zvuk60;2023-06-01
inva1;2023-06-01
dcdigsk;2023-06-01
kv;2023-06-01
inh60;2023-06-01
pa;2023-06-01
o_ivr;2023-06-01
spm;2023-06-01
sberp;2023-06-01
rtm;2023-06-01
o_sms;2023-06-01
reissue;2023-06-01
sdc;2023-06-01
pappt;2023-06-01
prman1;2023-06-01
inclim;2023-06-01
sdoc;2023-06-01
psinfo;2023-06-01
pushvh;2023-06-01
dcskmir;2023-06-01
oib;2023-06-01
new;2023-06-01
pay_home;2023-06-01
sberapp;2023-06-01
vnal;2023-06-01
newsbol;2023-06-01
chat_os;2023-06-01
dr_young;2023-06-01
ccp1;2023-06-01
sbol;2023-06-01
ssc2;2023-06-01
o_chat;2023-06-01
fund-avd;2023-06-01
blc;2023-06-01
invpo;2023-06-01
12-18;2023-06-01
pmcub;2023-06-01
ï¿½l-tm;2023-06-01
25941;2023-06-01
mbs;2023-06-01
ihome2;2023-06-01
pens;2023-06-01
pmrei;2023-06-01
ssc1;2023-06-01
adskidsm;2023-06-01
share;2023-06-01
srv2;2023-06-01
strprime;2023-06-01
cybersec;2023-06-01
crobr;2023-06-01
calcp;2023-06-01
ppens;2023-06-01
dr22;2023-06-01
svcmb;2023-06-01
tran;2023-06-01
adskids;2023-06-01
pp;2023-06-01
smenapin;2023-06-01
mpvah;2023-06-01
ns;2023-06-01
mob60;2023-06-01
fuelapp;2023-06-01
scen4;2023-06-01
dpbp;2023-06-01
rl;2023-06-01
ns_ins;2023-06-01
g4c60;2023-06-01
vspqr;2023-06-01
1;2023-06-01
sberpay;2023-06-01
arr;2023-06-01
sh;2023-06-01
bell;2023-06-01
insz1;2023-06-01
sm_tdr;2023-06-01
cpa;2023-06-01
pmcli;2023-06-01
kzkmmzp;2023-06-01
1mnthyng;2023-06-01
md60;2023-06-01
fund-svd;2023-06-01
sjbcmmzp;2023-06-01
cer;2023-06-01
lkp;2023-06-01
ninfo_s;2023-06-01
pkzp;2023-06-01
ipcsbb;2023-06-01
invall;2023-06-01
cc;2023-06-01
trn;2023-06-01
reis;2023-06-01
inva;2023-06-01
rgu;2023-06-01
savings;2023-06-01
obnovy;2023-06-01
kzpvsp;2023-06-01
spsloy;2023-06-01
sdc.;2023-06-01
acv;2023-06-01
skids;2023-06-01
addrf;2023-06-01
ivr;2023-06-01
dcskkcc;2023-06-01
ninfo_e;2023-06-01
as;2023-06-01
ivpt;2023-06-01
app;2023-06-01
ilostj;2023-06-01
invntwd;2023-06-01
spscatp;2023-06-01
pos;2023-06-01
add;2023-06-01
asset;2023-06-01
o_push;2023-06-01
sl_sbol;2023-06-01
openmap;2023-06-01
15655;2023-06-01
fn;2023-06-01
mp;2023-06-01
pensprod;2023-06-01
apk;2023-06-01
ihous;2023-06-01
dcmsk;2023-06-01
unlk;2023-06-01
newkids;2023-06-01
prime_lk;2023-06-01
passport;2023-06-01
aspect;2023-06-01
sapp;2023-06-01
pbma;2023-06-01
metal;2023-06-01
va_bc_tv;2023-06-01
invx2;2023-06-01
prime;2023-06-01
robo;2023-06-01
osago;2023-06-01
brobr;2023-06-01
kzkfrk;2023-06-01
sbofnc;2023-06-01
pvk;2023-06-01
o_rtdm;2023-06-01
pushprm;2023-06-01
inscl;2023-06-01
calcp1;2023-06-01
900;2023-06-01
update;2023-06-01
szp22;2023-06-01
itravm;2023-06-01
riskkb;2023-06-01
business;2023-06-01
ihome;2023-06-01
zp22;2023-06-01
ccsk;2023-06-01
prdzp;2023-06-01
ccd;2023-06-01
broker;2023-06-01
sppr;2023-06-01
plateg;2023-06-01
ob;2023-06-01
15638;2023-06-01
splkw;2023-06-01
prt60;2023-06-01
ppkiuuz;2023-06-01
probs;2023-06-01
loan;2023-06-01
sprmlk;2023-06-01
h2;2023-06-01
calcdp1;2023-06-01
kr;2023-06-01
ifundrb1;2023-06-01
tarrem;2023-06-01
akr;2023-06-01
pahis;2023-06-01
cccatd;2023-06-01
multiqr;2023-06-01
alh;2023-06-01
go;2023-06-01
ppinv;2023-06-01
spasibo;2023-06-01
lmt;2023-06-01
web60;2023-06-01
pss;2023-06-01
dcskkids;2023-06-01
dpcny;2023-06-01
16155;2023-06-01
adskidsv;2023-06-01
icards2-sbins;2023-06-01
sb_prolong;2023-06-01
tarremfor;2023-06-01
sdoc_gos_sbolpro;2023-06-01
osago-osg;2023-06-01
sberpp-website;2023-06-01
dpn5-website;2023-06-01
dcskmirjan23;2023-06-01
dcodr-website;2023-06-01
sdoc_kcsms;2023-06-01
adskids-website;2023-06-01
sbbol_credchoose;2023-06-01
ins_osago;2023-06-01
email_create;2023-06-01
categories;2023-06-01
rf-website;2023-06-01
inv_sl_old_st2;2023-06-01
sbbol_credpot;2023-06-01
cp-website_click;2023-06-01
startinvestments;2023-06-01
dph-website;2023-06-01
dcskmircc;2023-06-01
dr_young.;2023-06-01
cp2_phone;2023-06-01
arrestsinfo;2023-06-01
p2p-transfer;2023-06-01
ins_osgtm;2023-06-01
registerticket;2023-06-01
paysticker;2023-06-01
phone_list;2023-06-01
storekids;2023-06-01
push_esia;2023-06-01
pp-gibdd-website;2023-06-01
cl-domclick;2023-06-01
perl-website;2023-06-01
sbermarket30;2023-06-01
android_store;2023-06-01
loan-website;2023-06-01
emaillist;2023-06-01
loan3-website;2023-06-01
dpe-website;2023-06-01
ccsk3-website;2023-06-01
smartlink_code;2023-06-01
pens-website;2023-06-01
ccsk-website;2023-06-01
dpn-website;2023-06-01
travel_ins;2023-06-01
dcmsk-website;2023-06-01
icards2-website;2023-06-01
prolongation;2023-06-01
ifundrb-website;2023-06-01
sl_ios_dp_old;2023-06-01
packpremier;2023-06-01
ccactivation;2023-06-01
invasset-comment;2023-06-01
apk-mainpage;2023-06-01
sdoc_czksms;2023-06-01
card_tool_si2;2023-06-01
om-website-s;2023-06-01
idms-sbins;2023-06-01
packages-connect;2023-06-01
detailinfo;2023-06-01
va501_s_spasibo;2023-06-01
arestinfo;2023-06-01
combinsur;2023-06-01
profileid;2023-06-01
invfund-website;2023-06-01
o_tutorial;2023-06-01
fund-avd-website;2023-06-01
restructuring;2023-06-01
currencies;2023-06-01
oidc_auth;2023-06-01
arrestinfo;2023-06-01
invpopromo;2023-06-01
sd-website;2023-06-01
dcskmirpl;2023-06-01
tarperpay;2023-06-01
cp-website;2023-06-01
loan-premier;2023-06-01
pp-astasend;2023-06-01
dp-website;2023-06-01
mbs-website;2023-06-01
dcagent-website;2023-06-01
calltobank;2023-06-01
501_mp_spasibo;2023-06-01
invassets;2023-06-01
sprmplusyear;2023-06-01
sber_p2p-website;2023-06-01
sberbinding;2023-06-01
carloanrequest;2023-06-01
1mnthyng.;2023-06-01
invmarket;2023-06-01
sber_int-website;2023-06-01
claimantinfo;2023-06-01
family_ins;2023-06-01
ccskactage;2023-06-01
svcchange_pin-website;2023-06-01
sber_zacc-website;2023-06-01
sb1customersurvey;2023-06-01
pp-umoney-website;2023-06-01
loanguaranteelist;2023-06-01
arrestsinfo-website;2023-06-01
sber_zcard-website;2023-06-01
assistantincomingrequest;2023-06-01
app_download-website;2023-06-01
balance_bonusov_omnitova;2023-06-01
loanguarantee-website;2023-06-01
packages-connect2;2023-06-01
constructor_statement;2023-06-01
greetingpacks-144;2023-06-01
creditreportservice;2023-06-01
sber_obank-website;2023-06-01
sber_znum-website;2023-06-01
dp-website-yandex-test;2023-06-01
sber_onum-website;2023-06-01
businesspotential;2023-06-01
sberpaynfc-wallet;2023-06-01
sber_omob-website;2023-06-01
sbbol_credbizcard;2023-06-01
sber_sbpp-website;2023-06-01
loyaltycategories;2023-06-01
o_programme_sberspasibo_omnitova;2023-06-01
kak_nachislyautsya_bonus_pushtova;2023-06-01
assistantwaitingoperation;2023-06-01
credithistorynotification;2023-06-01
ne_nachuslyautsya_bonus_omnitova;2023-06-01
mbz;2023-06-02
20ch;2023-06-02
dpbestp;2023-06-02
nsp;2023-06-02
new-didl;2023-06-02
5cb;2023-06-02
1zvuk;2023-06-02
dp255;2023-06-02
5ch;2023-06-02
loyal;2023-06-02
inscasco;2023-06-02
10cb;2023-06-02
ppvuz;2023-06-02
20cb;2023-06-02
pushset;2023-06-02
vigodniy;2023-06-02
dpn;2023-06-02
133;2023-06-02
vdk;2023-06-02
sberbook;2023-06-02
gf;2023-06-02
am;2023-06-02
va540;2023-06-02
10ch;2023-06-02
penscalc;2023-06-02
dpd-website;2023-06-02
dpu-website;2023-06-02
arrestsinf;2023-06-02
dpsb-website;2023-06-02
android-app:;2023-06-02
pay_stick;2023-06-02
activesub;2023-06-02
loanh-website;2023-06-02
fund-svd-website;2023-06-02
ov;2023-06-03
zvuk90;2023-06-03
tab;2023-06-03
android_download-website;2023-06-03
marafon;2023-06-04
zh;2023-06-04
zt;2023-06-04
pmvac;2023-06-05
imortage;2023-06-05
ninfo_a;2023-06-05
g-p;2023-06-05
qrc;2023-06-05
svngs;2023-06-05
sm_dcs;2023-06-05
sberbusiness;2023-06-05
smob1-website;2023-06-05
adskidsvp;2023-06-05
sbbol_deeplinks;2023-06-05
mdcc;2023-06-06
lvl3;2023-06-06
gqual;2023-06-06
pzsb;2023-06-06
lvl4;2023-06-06
dszhkk;2023-06-06
cp-website#1;2023-06-06
changepmtday;2023-06-06
megamarket30;2023-06-06
schat-website;2023-06-06
ifinaqr;2023-06-07
ppr;2023-06-07
dcmirsoc;2023-06-07
ppc;2023-06-07
fatca;2023-06-07
dcskmirivr;2023-06-07
itrav-sbins;2023-06-07
sm_tdr_from_ivrsms;2023-06-07
iefsi;2023-06-08
fund-ovd-website;2023-06-08
invthemsel;2023-06-08
ivs-website;2023-06-08
smz;2023-06-09
pam;2023-06-09
main;2023-06-09
ob.;2023-06-09
sbermarket60;2023-06-09
tag_details_travel;2023-06-09
vacskn;2023-06-10
svctransf-website;2023-06-11
greetingpacks-147;2023-06-12
sbd;2023-06-13
insclm;2023-06-13
svppr;2023-06-13
arrestsin;2023-06-13
icombo-sbins;2023-06-13
icombo-udacha-sbins;2023-06-13
iis;2023-06-14
sbolsv2;2023-06-14
dpr;2023-06-14
dpinr;2023-06-14
lv4;2023-06-14
kzkmmzpsbopro;2023-06-14
creditcarddebt;2023-06-14
icombo;2023-06-15
sbbol_na;2023-06-15
mysberprimeplus;2023-06-15
invcat-website;2023-06-15
hr_p_designer;2023-06-15
hr_g_designer;2023-06-15
fs;2023-06-16
iskss;2023-06-16
ih;2023-06-16
invpromo;2023-06-16
edcattg;2023-06-16
dirham;2023-06-16
moneybox1;2023-06-16
investments;2023-06-16
assistance;2023-06-17
web60%26shortlink=7u8hclng%26c=prime_sub_link%26af_android_url=https:;2023-06-17
web60&shortlink=7u8hclng&c=prime_sub_link&af_android_url=https:;2023-06-17
0321;2023-06-19
peraccsd;2023-06-19
gzp;2023-06-20
arre;2023-06-20
cp;2023-06-20
ofstryin;2023-06-20
tarif;2023-06-20
adskidsch;2023-06-20
lhiw-website;2023-06-20
arres;2023-06-21
ihm;2023-06-21
iszot;2023-06-21
iszos;2023-06-21
iszoa;2023-06-21
sservice;2023-06-22
guupd;2023-06-22
cchhi;2023-06-22
ppeduc;2023-06-22
cvisp;2023-06-23
avto;2023-06-23
devices-sp;2023-06-23
zvuk180;2023-06-24
hr_u_designer;2023-06-26
investor;2023-06-27
flck60;2023-06-27
issuancemomentum;2023-06-27
hr_assistant_c;2023-06-28
cseducation;2023-06-28
iszog;2023-06-29
hr_b_analyst;2023-06-29
kzktlmrktng;2023-06-29
sb1vkladaed;2023-06-29
investpf;2023-06-30
dcskpsbk;2023-06-30
py-website;2023-06-30
kuda_potratit_bonus_omnitova;2023-07-01
md30;2023-07-03
snd30;2023-07-03
prt30;2023-07-03
ippp-website;2023-07-03
sppivr;2023-07-04
adppr;2023-07-04
g4c30;2023-07-04
web30;2023-07-05
insapppromo;2023-07-05
prime_gift;2023-07-06
nadejnoezavtra;2023-07-06
external_distribution;2023-07-06
biopr;2023-07-07
adynp;2023-07-07
inv_sl_old_st1;2023-07-07
list_tools_si2;2023-07-07
invtutorialdetail;2023-07-07
his;2023-07-10
gosimport;2023-07-10
sm_aac_from_ivrsms;2023-07-10
dyntar;2023-07-11
arrestsi;2023-07-11
pp-education;2023-07-11
tst30;2023-07-12
stm30;2023-07-12
blrgs30;2023-07-12
scam;2023-07-12
o_halftutorial;2023-07-12
sb1vkladcny;2023-07-12
vsps;2023-07-13
kzklandingnn;2023-07-13
loyaltyexchange;2023-07-13
sps_level;2023-07-13
dcskspec;2023-07-14
vspnn;2023-07-14
dcskspsd;2023-07-14
invqs;2023-07-14
dsctw;2023-07-17
pp1;2023-07-18
external_distribution#pc164159;2023-07-18
external_distribution#pc151445;2023-07-18
nnk;2023-07-19
profile;2023-07-19
vkm;2023-07-19
cc-website;2023-07-19
citydrive30;2023-07-19
se;2023-07-20
perl;2023-07-20
pp2;2023-07-20
landingzpfrk;2023-07-20
va-cybersecurity;2023-07-20
dp9-website;2023-07-20
invtutorialslesson;2023-07-20
nsk;2023-07-21
va710_s_spasibo;2023-07-21
lpzp;2023-07-24
predpens;2023-07-24
scas;2023-07-24
sbvkld;2023-07-25
dcsk3-website;2023-07-25
spscatbf;2023-07-26
spscatbp;2023-07-26
dcskmrkt;2023-07-26
lpskz;2023-07-26
trial30;2023-07-26
dcskkivr;2023-07-26
addresses;2023-07-26
sberbusiness.;2023-07-27
strytos;2023-08-01
fund_equity_dn;2023-08-01
calcpivr;2023-08-02
actvoz;2023-08-03
sen;2023-08-03
padeprem;2023-08-03
restore_login;2023-08-03
safeboxes;2023-08-03
vklpz;2023-08-04
vknsz;2023-08-04
avop;2023-08-04
vklpprzp;2023-08-04
loandtls;2023-08-04
sotrudniki;2023-08-04
invmp;2023-08-05
insisn;2023-08-08
pb;2023-08-08
insisz;2023-08-09
pac;2023-08-09
ccsk-website_test;2023-08-09
vkm.;2023-08-10
invboxop;2023-08-10
pbpn;2023-08-10
sdmain;2023-08-11
dcspivr;2023-08-11
blrgs30&af_dp=zvukapp:;2023-08-11
sbersdelki_dc;2023-08-13
cl-tm;2023-08-14
self-tax;2023-08-14
pptad;2023-08-15
aed;2023-08-16
me2me2;2023-08-16
cny;2023-08-16
salut_ksu_kviz;2023-08-16
dpbpprem;2023-08-17
dplpra;2023-08-17
vnm;2023-08-17
promonea;2023-08-17
promotra;2023-08-17
promonak;2023-08-17
mbpnu3;2023-08-18
sbpr;2023-08-18
taa;2023-08-18
dcsksamad;2023-08-18
sbpr1;2023-08-22
ninfo_p;2023-08-22
adskidsvppb;2023-08-22
unblock0321;2023-08-22
vazpa;2023-08-23
mbpnd;2023-08-23
mbpnp;2023-08-23
salaryjoinbyclient;2023-08-24
maps;2023-08-25
pbrep;2023-08-25
hr_c_manager;2023-08-25
chebauzb;2023-08-26
adskidgb;2023-08-28
iszh;2023-08-29
mbpnua;2023-08-29
acquiring;2023-08-29
how_works_pif;2023-08-29
year40;2023-08-30
spslhis;2023-08-30
6mnth30;2023-08-30
iszol;2023-08-30
fundl-website;2023-08-30
cheburashka;2023-08-30
fund_weighted_payout;2023-08-30
fund_conservative_payout;2023-08-31
dcvkpost;2023-09-01
scpg4;2023-09-01
hr_c_inspector;2023-09-01
sdoc_vis_sbolpro;2023-09-02
alf_expenses;2023-09-04
isport-website;2023-09-04
loan-website-test.html;2023-09-04
invport;2023-09-05
cls;2023-09-05
icombo-sbins_v2;2023-09-05
external_distribution_story;2023-09-05
avt;2023-09-06
dosp;2023-09-07
welcome;2023-09-07
ptzs;2023-09-07
ifinaerkc;2023-09-08
ate;2023-09-12
zdinvest;2023-09-13
zdopenac;2023-09-13
dcskmax;2023-09-13
youth30;2023-09-13
digitalpin;2023-09-13
moatm;2023-09-14
newkids#dop2;2023-09-14
accinvbox;2023-09-14
loan-website-test_2_dl_1_app.html;2023-09-14
loan-website-test-app_all.html;2023-09-14
bamap;2023-09-15
starsc;2023-09-18
mbpnup;2023-09-18
mbpnui;2023-09-18
jcatmp;2023-09-18
prmutair60;2023-09-18
clc_from_ivrsms;2023-09-19
blrgs30%26af_dp=zvukapp:;2023-09-19
pptur;2023-09-20
ecosystem;2023-09-20
greetingpacks-143.html;2023-09-20
invspo;2023-09-21
tvpcfrst;2023-09-21
mbssa;2023-09-22
invfund;2023-09-22
sport_ins;2023-09-22
landingzpfrk2;2023-09-22
strba;2023-09-25
packgold;2023-09-26
vlp;2023-09-26
spens;2023-09-26
varev;2023-09-27
spben;2023-09-27
obppc;2023-09-27
mbpnuco;2023-09-28
mbpmuesa;2023-09-28
go6;2023-09-28
sbolhow;2023-09-28
scamreg;2023-09-28
ka;2023-09-29
pp-weun;2023-09-29
pp-bapa;2023-09-29
simcard1;2023-09-29
gpsptf;2023-09-29
vkldmaximum;2023-09-29
mob30;2023-09-30
2md30;2023-10-01
2mob30;2023-10-01
2youth30;2023-10-01
ppgss;2023-10-02
closeiis;2023-10-02
closebrk;2023-10-02
go5;2023-10-02
tvpcprem;2023-10-02
2web30;2023-10-02
drnew23;2023-10-02
2zvuk60;2023-10-02
ecosystem_gd;2023-10-02
sbermarketnew30;2023-10-02
ins_osago-website;2023-10-02
external_distribution_catalog;2023-10-02
invdcm;2023-10-03
ifinasbt;2023-10-04
zpif;2023-10-04
2flck30;2023-10-04
invipo;2023-10-04
ccsk_options;2023-10-04
2zvuk60utm_source=wylsacom&utm_medium=cpm&utm_campaign=iphone_15;2023-10-04
sm_asc;2023-10-05
2inh30;2023-10-05
td2023;2023-10-05
2g4c30;2023-10-05
spnew30;2023-10-06
2prt30;2023-10-06
2stm30;2023-10-06
spnew90;2023-10-06
spnew60;2023-10-06
intermediate2;2023-10-06
salut_investbox;2023-10-06
servicelanguage;2023-10-06
intermediate;2023-10-06
loan-website-test_1_dl_1_app.html;2023-10-06
mbpnucc;2023-10-07
vpin;2023-10-08
per;2023-10-09
mortgage_gd;2023-10-09
landingzpfrk2kzk;2023-10-09
10000;2023-10-10
welcome_to_sber;2023-10-10
sdoc_ivrsms;2023-10-10
teaser_gd;2023-10-10
loan-website-test_2_dl_2_app.html;2023-10-10
rsg;2023-10-11
nd1;2023-10-11
pgd;2023-10-11
2tst30;2023-10-11
sgr;2023-10-11
sbbbc;2023-10-11
2web30%26af_dp=zvukapp:;2023-10-11
st53;2023-10-12
st52;2023-10-12
invlchi;2023-10-13
qrpay;2023-10-13
trint;2023-10-13
sdoc_from_predictiv_closedcred;2023-10-13
loan-website-test_ios.html;2023-10-13
openmap#1;2023-10-14
spnewgd;2023-10-15
mob90;2023-10-16
web90;2023-10-16
pvspc;2023-10-16
inh90;2023-10-16
imortlife;2023-10-16
ar;2023-10-17
tar_inf;2023-10-17
uopkvps;2023-10-17
lo5676;2023-10-18
landingzpfrkrgs;2023-10-18
spcash;2023-10-19
qrp;2023-10-19
2web30&af_dp=zvukapp:;2023-10-19
callerid;2023-10-20
ccils;2023-10-20
15;2023-10-20
sjbcagent;2023-10-20
web90&af_dp=zvukapp:;2023-10-20
web90%26af_dp=zvukapp:;2023-10-20
spyngnew30;2023-10-21
greetingpacks-0;2023-10-21
spyngnew90;2023-10-21
15_pad;2023-10-23
smmnp;2023-10-23
pphome;2023-10-23
invfrkland;2023-10-23
ipospo2;2023-10-24
lvl4n;2023-10-24
dcgpmc;2023-10-24
composite;2023-10-24
sappsinvestor;2023-10-24
invx4;2023-10-25
invipo2;2023-10-25
dcsksbtyan;2023-10-25
greetingpacks-129;2023-10-25
100kzp;2023-10-26
ppavr;2023-10-26
bp;2023-10-26
dr_youngnew23;2023-10-26
90days_inv;2023-10-27
inv_and_stores;2023-10-30
lyt;2023-10-31
ppeub;2023-10-31
youth90;2023-10-31
rubcs;2023-10-31
prt60&af_dp=zvukapp:;2023-10-31
prt60%26af_dp=zvukapp:;2023-10-31
vzr;2023-11-01
reis_test_autumn;2023-11-01
gu_test_autumn;2023-11-01
citydrivenew30;2023-11-01
ccsk_test_autumn;2023-11-01
mb3_test_autumn;2023-11-01
dp-website_test_autumn;2023-11-01
ppinv_test_autumn;2023-11-01
loan-website_test_autumn;2023-11-01
mbpnp_test_autumn;2023-11-01
osago_test_autumn;2023-11-01
credithistorynotification_test_autumn;2023-11-01
spul;2023-11-02
go2;2023-11-02
acc;2023-11-02
invlchi2;2023-11-02
dpcny,;2023-11-03
vdnh;2023-11-04
prt60&af_ios_url=https:;2023-11-05
ccsk_gd;2023-11-06
tkprst;2023-11-06
dcsk_gd;2023-11-06
web90&af_ios_url=https:;2023-11-06
ob,;2023-11-07
adskidszd;2023-11-07
pmps;2023-11-08
main_gd;2023-11-08
payment;2023-11-08
cp-website#2;2023-11-08
imortgage_zd_23;2023-11-08
icard-esg-sbins;2023-11-08
ecosystemgd;2023-11-08
ihome_zd2_3;2023-11-08
pmsv;2023-11-09
ppiib_gd;2023-11-09
pmdp;2023-11-09
sbcr;2023-11-09
ppkiu_gd;2023-11-09
zdpcv1_gd;2023-11-09
icard_zd_23;2023-11-09
shop_profile;2023-11-09
safebox_gd;2023-11-09
ivzr_zd_23;2023-11-09
zdpcv2_gd;2023-11-09
newinvestments;2023-11-09
mortestpr;2023-11-09
paymentpensionplan;2023-11-09
asr;2023-11-10
rag;2023-11-10
aie;2023-11-10
ssc4;2023-11-10
ras;2023-11-10
agr;2023-11-10
ppkiu_landing;2023-11-10
ppiib_landing;2023-11-10
ssc5;2023-11-11
smmain;2023-11-13
myprime;2023-11-13
invipo3;2023-11-13
pifcatalog_gd;2023-11-13
ot4;2023-11-14
ps4;2023-11-14
prq;2023-11-14
ps3;2023-11-14
ot3;2023-11-14
packprem;2023-11-14
scdgd;2023-11-14
ibrokkk;2023-11-15
cda;2023-11-15
ccopw1;2023-11-15
payments_test;2023-11-15
profiles_subscriptions;2023-11-16
lnmbs;2023-11-20
nyai12;2023-11-20
payment_zvr;2023-11-20
calculationpensionall;2023-11-20
daypr;2023-11-21
nyba14;2023-11-21
nyai14;2023-11-21
nyaa15;2023-11-21
ihome3;2023-11-21
nyba15;2023-11-21
nybi14;2023-11-21
arrest;2023-11-21
nyaa14;2023-11-21
nyai13;2023-11-21
nybi12;2023-11-21
nslider;2023-11-21
nybi13;2023-11-21
ipp_celevoy;2023-11-21
nsprem;2023-11-22
2year;2023-11-22
generate;2023-11-22
invx;2023-11-23
scmm;2023-11-23
omvsp;2023-11-23
oob;2023-11-23
invipoce;2023-11-23
sbbol_cm_sms;2023-11-23
loan-website-test_3_dl_3_app.html;2023-11-24
onsrtm;2023-11-26
insshow;2023-11-27
sbbcrs;2023-11-27
zvuk9;2023-11-27
loanchpd;2023-11-28
bonds;2023-11-28
loanchpa;2023-11-28
zczs;2023-11-28
kpprefill;2023-11-28
sbpr1https:;2023-11-28
dckidsfvsp;2023-11-28
packfirst;2023-11-28
ppkiu#1;2023-11-29
invspo2;2023-11-29
popolnenieiis;2023-11-29
dcskdesst;2023-11-29
lprivileges;2023-11-29
arrestsinfo.;2023-11-29
rch;2023-11-30
fp;2023-11-30
gu2;2023-11-30
dcskdescd;2023-11-30
loan-website-test_1_dl_no_app.html;2023-11-30
loan-website-test-false.html;2023-11-30
invspo3;2023-12-01
luk;2023-12-01
autopaymentlist;2023-12-01
ppkiu#2;2023-12-02
smbal;2023-12-04
none;2023-12-04
trpenssa;2023-12-04
npenssa;2023-12-04
undefined;2023-12-04
web90&af_dp=zvukapp:%2F%2F&c=prime_sub_link&pid=zvuk_sub_landing&af_ios_url=https:;2023-12-04
personal;2023-12-05
invtutorials;2023-12-05
mm90new;2023-12-07
sdac;2023-12-07
cshra15;2023-12-07
pptb;2023-12-07
sbprem;2023-12-07
cshri12;2023-12-07
avatar;2023-12-07
spspart;2023-12-08
gender;2023-12-08
luk2;2023-12-08
tkprstyear;2023-12-08
